{
  "$schema": "https://developer.microsoft.com/json-schemas/spfx-build/package-solution.schema.json",
  "solution": {
    "name": "spfx-kendo-react-client-side-solution",
    "id": "22f795e2-b03e-45c3-8a70-0ceea2410064",
    "version": "1.0.0.0",
    "includeClientSideAssets": true,
    "isDomainIsolated": false,
    "developer": {
      "name": "",
      "websiteUrl": "",
      "privacyUrl": "",
      "termsOfUseUrl": "",
      "mpnId": "Undefined-1.13.1"
    }
  },
  "paths": {
    "zippedPackage": "solution/spfx-kendo-react.sppkg"
  }
}
